"Sunny Donuts", "6832 Coit Rd, Ste 270", "Plano, TX 75023", "(972) 618-4920"
"Rudy’s Donut Shop", "2729 W 15th St", "Plano, TX 75075", "(214) 578-8230"
"Wow Donuts & Drips", "6509 W Park Blvd, Ste 420", "Plano, TX 75093", "(469) 786-5030"
"J’s Donuts", "6405 W Parker Rd, Ste 380", "Plano, TX 75093", "(972) 943-9354"
"A One Donuts", "1820 Coit Rd, Ste 103", "Plano, TX 75075", "(972) 943-0801"
"Donut Queen", "2400 TX-121", "Plano, TX 75025"
"14th Street Donut", "1900 14th St, Unit B", "Plano, TX 75074", "(469) 975-6504"
"Parks Donuts", "4637 Hedgecoxe Rd, Ste 102", "Plano, TX 75024", "(469) 633-9709"
"Rainbow Donuts", "1730 K Ave", "Plano, TX 75074", "(972) 881-3619"
"Donut Lovers", "4013 W Parker Rd", "Plano, TX 75093", "(972) 758-1411"
"Donut House", "3916 McDermott Rd, Ste 110", "Plano, TX 75025", "(214) 872-3904"
"Glazed Donut Works - Legacy Hall", "7800 Windrose Ave, LH1-01", "Plano, TX 75024", "(214) 741-2275"
"Donut Bar", "4004 W Plano Pkwy, 100 B", "Plano, TX 75093", "(469) 298-0759"
"Bunki’s Donut Shop", "2011 W Spring Creek Pkwy, Ste 250", "Plano, TX 75023", "(972) 517-5565"
"Yonuts", "280 Legacy Dr", "Plano, TX 75023", "(469) 467-7040"
"Q Donuts", "4101 E Park Blvd", "Plano, TX 75074", "(972) 881-0492"
"Morning Donuts", "1905 W 15th St, Ste 117", "Plano, TX 75075", "(972) 424-1840"
"Happy Donuts", "8000 Coit Rd", "Plano, TX 75025", "(972) 377-8006"
"Mr. Donut", "3505 E Park Blvd, Ste 330", "Plano, TX 75074", "(469) 814-9374"
"John’s Donuts", "7965 Custer Rd", "Plano, TX 75025", "(972) 491-7272"
"R C Donut", "700 W Spring Creek Pkwy", "Plano, TX 75023", "(972) 422-3379"
